ID;FIRSTNAME;LASTNAME
315b0408-5cfe-4607-9e72-c3d19cfdc038;Fallon;Puttnam
b517fe6f-79e9-4b31-b328-413dc3865386;Kizzee;Saterthwait
65b672e2-7a2c-4fb2-8a33-f1f9a669722e;Modesta;Balazin
05c3fdf5-6d32-4b5d-a6d0-6dc18fa29516;Byrle;Greeding
b8bc8033-2049-4056-8faa-9d9acdf6b353;Alice;Mouncey
9820cfd0-9187-4ae0-84bb-f7a4864edfeb;Nissy;Ridewood
740a99bf-4b2e-4a7d-8842-c3e982c2324a;Milissent;Rosenauer
d70aa46f-a3f3-4302-af18-b117c9aec4b3;Siward;Grigoriev
137850a4-87b9-4048-b0fe-512f0b86374a;Cameron;Bromwich
26b25a04-9915-42b3-88ec-13f6af56d50c;Douglass;Ridhole